{
  "roc_auc": 0.9756728023180671,
  "average_precision": 0.8434221409146656,
  "brier_score": 0.05156164061237543,
  "classification_report_default_threshold": {
    "0": {
      "precision": 0.9785123966942149,
      "recall": 0.9502407704654896,
      "f1-score": 0.9641693811074918,
      "support": 623.0
    },
    "1": {
      "precision": 0.6736842105263158,
      "recall": 0.8311688311688312,
      "f1-score": 0.7441860465116279,
      "support": 77.0
    },
    "accuracy": 0.9371428571428572,
    "macro avg": {
      "precision": 0.8260983036102654,
      "recall": 0.8907048008171604,
      "f1-score": 0.8541777138095599,
      "support": 700.0
    },
    "weighted avg": {
      "precision": 0.944981296215746,
      "recall": 0.9371428571428572,
      "f1-score": 0.9399712143019469,
      "support": 700.0
    }
  },
  "n_train_samples": 2800,
  "n_test_samples": 700,
  "positive_rate_train": 0.11,
  "positive_rate_test": 0.11,
  "note": "This synthetic demo dataset is highly separable. Probability metrics should be interpreted as workflow checks, not real-world fraud benchmark performance."
}