{
  "purpose": "Threshold policy candidates for fraud-risk review.",
  "recommended_policy": "cost_optimized",
  "selected_threshold": {
    "threshold": 0.3,
    "tp": 74,
    "fp": 70,
    "tn": 553,
    "fn": 3,
    "precision": 0.5138888888888888,
    "recall": 0.961038961038961,
    "f1": 0.6696832579185519,
    "false_positive_rate": 0.11235955056179775,
    "specificity": 0.8876404494382022,
    "flagged_rate": 0.2057142857142857,
    "cost": 100.0,
    "normalized_cost": 0.14285714285714285
  },
  "cost_assumptions": {
    "false_positive_cost": 1.0,
    "false_negative_cost": 10.0,
    "interpretation": "A false negative is configured as more expensive because missing fraud is usually more costly than reviewing a legitimate transaction."
  },
  "policy_candidates": [
    {
      "policy": "cost_optimized",
      "rationale": "Minimizes expected business cost under the configured false-positive and false-negative costs.",
      "threshold": 0.3,
      "precision": 0.5138888888888888,
      "recall": 0.961038961038961,
      "f1": 0.6696832579185519,
      "false_positive_rate": 0.11235955056179775,
      "specificity": 0.8876404494382022,
      "flagged_rate": 0.2057142857142857,
      "cost": 100.0,
      "normalized_cost": 0.14285714285714285,
      "tp": 74,
      "fp": 70,
      "tn": 553,
      "fn": 3
    },
    {
      "policy": "balanced_f1",
      "rationale": "Maximizes F1 to balance precision and recall.",
      "threshold": 0.45,
      "precision": 0.6504854368932039,
      "recall": 0.8701298701298701,
      "f1": 0.7444444444444445,
      "false_positive_rate": 0.05778491171749599,
      "specificity": 0.942215088282504,
      "flagged_rate": 0.14714285714285713,
      "cost": 136.0,
      "normalized_cost": 0.19428571428571428,
      "tp": 67,
      "fp": 36,
      "tn": 587,
      "fn": 10
    },
    {
      "policy": "high_recall",
      "rationale": "Maintains recall of at least 95% while minimizing cost.",
      "threshold": 0.3,
      "precision": 0.5138888888888888,
      "recall": 0.961038961038961,
      "f1": 0.6696832579185519,
      "false_positive_rate": 0.11235955056179775,
      "specificity": 0.8876404494382022,
      "flagged_rate": 0.2057142857142857,
      "cost": 100.0,
      "normalized_cost": 0.14285714285714285,
      "tp": 74,
      "fp": 70,
      "tn": 553,
      "fn": 3
    },
    {
      "policy": "high_precision",
      "rationale": "Maintains precision of at least 70% while preserving as much recall as possible.",
      "threshold": 0.55,
      "precision": 0.725,
      "recall": 0.7532467532467533,
      "f1": 0.7388535031847133,
      "false_positive_rate": 0.03531300160513644,
      "specificity": 0.9646869983948636,
      "flagged_rate": 0.11428571428571428,
      "cost": 212.0,
      "normalized_cost": 0.3028571428571429,
      "tp": 58,
      "fp": 22,
      "tn": 601,
      "fn": 19
    },
    {
      "policy": "review_capacity",
      "rationale": "Keeps the flagged/review rate at or below 10%.",
      "threshold": 0.6,
      "precision": 0.75,
      "recall": 0.6623376623376623,
      "f1": 0.7034482758620688,
      "false_positive_rate": 0.027287319422150885,
      "specificity": 0.9727126805778491,
      "flagged_rate": 0.09714285714285714,
      "cost": 277.0,
      "normalized_cost": 0.39571428571428574,
      "tp": 51,
      "fp": 17,
      "tn": 606,
      "fn": 26
    }
  ],
  "notes": [
    "These policies are decision-support artifacts, not automatic approval rules.",
    "Thresholds should be reviewed with business, compliance, and operations stakeholders before deployment.",
    "The demo dataset is synthetic; threshold values should not be reused for real banking data without validation."
  ]
}