{
  "threshold": 0.3,
  "tp": 74,
  "fp": 70,
  "tn": 553,
  "fn": 3,
  "precision": 0.5138888888888888,
  "recall": 0.961038961038961,
  "f1": 0.6696832579185519,
  "false_positive_rate": 0.11235955056179775,
  "specificity": 0.8876404494382022,
  "flagged_rate": 0.2057142857142857,
  "cost": 100.0,
  "normalized_cost": 0.14285714285714285
}
